farenheit 451,ray bradbury,dystopian,borrowed,
the lion the witch and the wardrobe,c s lewis,fantasy,availible,
harry potter and the chamber of secrets,j k rowling,fantasy,availible,
the great gatsby,scott fitzgerald,classic,availible,
to kill a mockingbird,harper lee,classic,availible,
the catcher in the rye,j d salinger,classic,availible,
the hobbit,j r r tolkien,fantasy,availible,
1984,george orwell,dystopian,borrowed,
moby dick,herman melville,classic,availible,
pride and prejudice,jane austen,classic,availible,
wuthering heights,emily bronte,classic,availible,
oddysey,walter tevis,classic,availible,
the lord of the rings,j r r tolkien,fantasy,availible,
space odyssey,arthur c clarke,classic,availible,
cookbook,darren,dunno,availible,
